{"cameraMode":{"drawMode":0,"name":"Shaded","section":"Shading Mode"},"sceneLighting":true,"audioPlay":false,"sceneViewState":{"showFog":true,"showMaterialUpdate":false,"showSkybox":true,"showFlares":true,"showImageEffects":true,"showParticleSystems":true},"in2DMode":false,"pivot":{"x":-48.5443115234375,"y":-18.453542709350587,"z":34.89533233642578},"rotation":{"x":-0.12789937853813172,"y":0.4416969120502472,"z":-0.06375789642333985,"w":-0.8857252597808838},"size":76.97511291503906,"orthographic":false}