{"cameraMode":{"drawMode":0,"name":"Shaded","section":"Shading Mode"},"sceneLighting":false,"audioPlay":false,"sceneViewState":{"showFog":true,"showMaterialUpdate":false,"showSkybox":false,"showFlares":true,"showImageEffects":true,"showParticleSystems":true},"in2DMode":false,"pivot":{"x":-0.33699798583984377,"y":0.30486196279525759,"z":-16.79848861694336},"rotation":{"x":-0.10230720788240433,"y":0.8491417765617371,"z":-0.17860141396522523,"w":-0.48641034960746767},"size":5.876413822174072,"orthographic":false}